Name,Age,Cookie,Banner_id
John Doe,35,26555324-53df-4eb1-8835-e6c0078bb2c0,35
Jane Smith,28,12345678-1234-5678-9abc-123456789012,42
Bob Johnson,45,98765432-4321-8765-dcba-987654321098,15
Alice Brown,22,11111111-2222-3333-4444-555555555555,67
Charlie Wilson,17,22222222-3333-4444-5555-666666666666,25
David Lee,150,33333333-4444-5555-6666-777777777777,89
Emma Davis,30,44444444-5555-6666-7777-888888888888,99
Frank Miller,25,invalid-uuid-format,33
Grace Taylor,40,55555555-6666-7777-8888-999999999999,100
Henry Clark,19,66666666-7777-8888-9999-aaaaaaaaaaaa,5
Ivy White,33,77777777-8888-9999-aaaa-bbbbbbbbbbbb,0
Jack Thompson,29,88888888-9999-aaaa-bbbb-cccccccccccc,50
Kate Anderson,26,99999999-aaaa-bbbb-cccc-dddddddddddd,75
Leo Martinez,55,aaaaaaaa-bbbb-cccc-dddd-eeeeeeeeeeee,12
Mia Rodriguez,31,bbbbbbbb-cccc-dddd-eeee-ffffffffffff,88
Nathan Garcia,38,cccccccc-dddd-eeee-ffff-000000000000,21
Olivia Hernandez,24,dddddddd-eeee-ffff-0000-111111111111,56
Paul Lopez,42,eeeeeeee-ffff-0000-1111-222222222222,39
Quinn Gonzalez,27,ffffffff-0000-1111-2222-333333333333,44
Rachel Perez,35,00000000-1111-2222-3333-444444444444,63
Sam Turner,20,11111111-2222-3333-4444-555555555555,18
Tina Walker,32,22222222-3333-4444-5555-666666666666,91
Uma Scott,46,33333333-4444-5555-6666-777777777777,3
Victor Hall,23,44444444-5555-6666-7777-888888888888,77
Wendy Green,37,55555555-6666-7777-8888-999999999999,26
Xavier Adams,41,66666666-7777-8888-9999-aaaaaaaaaaaa,54
Yara Baker,34,77777777-8888-9999-aaaa-bbbbbbbbbbbb,81
Zoe Collins,28,88888888-9999-aaaa-bbbb-cccccccccccc,7
